outcome,outcome_label,operation,operation_class,workload_size,concurrency,valid_pairs,traditional_median,traditional_q1,traditional_q3,fabric_median,fabric_q1,fabric_q3,paired_median_difference,difference_ci95_low,difference_ci95_high,paired_median_ratio,ratio_ci95_low,ratio_ci95_high,wilcoxon_statistic,wilcoxon_w_plus,wilcoxon_w_minus,wilcoxon_nonzero_pairs,p_value_unadjusted,rank_biserial_fabric_minus_traditional,p_value_holm,holm_significant_0_05
p95_latency_ms,P95 latency,OP1,ledger_write,100,1,10,19.0095331,15.5199195625,42.4302263375,2240.14023417,2231.13884085,2270.09797914,2217.319347,2186.07840015,2252.94343643,119.636582187,51.1611512535,155.384054355,0,55,0,10,0.001953125,1,0.017578125,True
p95_latency_ms,P95 latency,OP1,ledger_write,100,5,10,48.8095421,44.5527663125,76.353923175,2226.7718067,2208.7739358,2267.61400434,2173.3143381,2117.57844242,2217.06411505,46.5131338331,25.7648521451,49.7209967506,1,54,1,10,0.00390625,0.963636363636,0.017578125,True
p95_latency_ms,P95 latency,OP1,ledger_write,100,10,10,127.08835255,111.903952825,156.9954201,603.749242925,353.420717738,814.572993462,408.184772175,210.8054039,709.38396975,4.21258350951,2.48194871737,6.95148574768,0,55,0,10,0.001953125,1,0.017578125,True
p95_latency_ms,P95 latency,OP1,ledger_write,500,1,10,21.7255971,16.78469165,28.0629719875,2212.4571373,2200.13016367,2253.15576603,2187.67756332,2171.89435715,2245.88017655,103.01720826,77.0895153877,137.833606821,0,55,0,10,0.001953125,1,0.017578125,True
p95_latency_ms,P95 latency,OP1,ledger_write,500,5,10,50.464528675,40.289080725,66.5571650625,2262.85464407,2217.30277767,2309.52119433,2176.97736087,2159.0638469,2254.92224655,44.5909608279,34.0455439319,56.7025967025,0,55,0,10,0.001953125,1,0.017578125,True
p95_latency_ms,P95 latency,OP1,ledger_write,500,10,10,123.494529175,88.4414687875,147.868548025,492.06097595,415.626298525,513.229928287,361.44297575,297.56081955,1007.4976268,4.68357931029,3.42728698834,7.75877123111,0,55,0,10,0.001953125,1,0.017578125,True
p95_latency_ms,P95 latency,OP1,ledger_write,1000,1,10,22.42047935,19.6647489375,26.973359,2229.7131578,2205.68518251,2245.11590469,2210.55752348,2175.69783295,2227.63008287,99.5203953549,80.261171419,127.238406597,0,55,0,10,0.001953125,1,0.017578125,True
p95_latency_ms,P95 latency,OP1,ledger_write,1000,5,10,49.6428422,34.725447875,61.5091948875,2265.29495812,2242.56186499,2283.77476776,2229.4690107,2178.91515475,2237.43238118,44.7781027152,38.7298576218,67.1991499871,0,55,0,10,0.001953125,1,0.017578125,True
p95_latency_ms,P95 latency,OP1,ledger_write,1000,10,10,151.693896025,134.507501012,177.89379705,467.8637299,435.22829495,523.288843225,298.895554925,243.7619258,373.997651925,3.00273105361,2.46281844001,3.78100725705,9,46,9,10,0.064453125,0.672727272727,0.064453125,False
p95_latency_ms,P95 latency,OP2,read_check,100,1,10,8.401086175,7.64955435,8.66770165,24.7567191,24.380682175,30.7921465,16.6478907,15.04006005,25.04542505,2.97558226051,2.82748699461,3.97608246179,1,54,1,10,0.00390625,0.963636363636,0.017578125,True
p95_latency_ms,P95 latency,OP2,read_check,100,5,10,22.140031125,18.5574562125,29.1110663,69.795902725,65.2734827875,75.4145368625,45.42118285,37.078222375,54.72760325,3.25875266615,2.19654222924,3.80689363163,0,55,0,10,0.001953125,1,0.017578125,True
p95_latency_ms,P95 latency,OP2,read_check,100,10,10,73.9719255,66.1450121375,89.9828072375,347.12352145,198.086396087,448.885705863,272.5551404,108.276826425,411.618152475,4.6161534502,2.33061956087,6.3026098059,1,54,1,10,0.00390625,0.963636363636,0.017578125,True
p95_latency_ms,P95 latency,OP2,read_check,500,1,10,10.7328511,8.329431725,14.546076475,39.8161188,34.9828163375,41.44059565,27.00924705,22.11152935,36.48289,3.4985746303,2.73000033067,5.13867995824,0,55,0,10,0.001953125,1,0.017578125,True
p95_latency_ms,P95 latency,OP2,read_check,500,5,10,25.188779025,18.12623,40.210184975,114.019104375,98.0684234375,130.240432087,80.839338825,68.8545241,97.64083485,4.02978711678,2.78257442666,5.68144162737,0,55,0,10,0.001953125,1,0.017578125,True
p95_latency_ms,P95 latency,OP2,read_check,500,10,10,85.376499475,79.50259125,95.5045875625,349.23562935,336.876017662,378.423251137,254.98425945,226.69432365,296.13815135,3.91282927977,3.12727652954,4.58817340142,0,55,0,10,0.001953125,1,0.017578125,True
p95_latency_ms,P95 latency,OP2,read_check,1000,1,10,11.00515705,10.552815275,11.9533578875,39.40656695,37.47967065,51.259139475,28.43666155,24.4446707,41.0227577,3.61960313673,3.20361142574,4.72165050149,0,55,0,10,0.001953125,1,0.017578125,True
p95_latency_ms,P95 latency,OP2,read_check,1000,5,10,34.49217785,28.1925824125,42.973839,130.1164737,120.029727762,154.649910213,99.6078108,83.42770885,119.469451975,4.19766173782,2.86183189382,4.78532224339,0,55,0,10,0.001953125,1,0.017578125,True
p95_latency_ms,P95 latency,OP2,read_check,1000,10,10,104.9667358,94.6884914875,121.496352712,359.658374975,334.579736087,374.313053062,255.751159075,222.647360625,278.492302575,3.24274875306,2.90175583527,4.04941725717,0,55,0,10,0.001953125,1,0.017578125,True
p95_latency_ms,P95 latency,OP3,ledger_write,100,1,10,18.547002675,16.2191063125,37.795728525,2202.8456786,2183.79358905,2246.62282883,2176.30082563,2141.10759545,2221.02037715,118.975743021,50.7972606727,135.133631857,0,55,0,10,0.001953125,1,0.017578125,True
p95_latency_ms,P95 latency,OP3,ledger_write,100,5,10,90.48993535,42.9603321125,140.1189523,2205.92490935,2188.03056097,2231.54553252,2122.65032953,2030.71976112,2178.37446915,26.3779774578,15.0132183201,54.6548218507,1,54,1,10,0.00390625,0.963636363636,0.017578125,True
p95_latency_ms,P95 latency,OP3,ledger_write,100,10,10,69.196376975,68.25526175,71.9044532625,180.435723525,159.631896613,242.116652675,110.432352425,89.24091945,194.1630347,2.37090896634,1.93110361585,3.32488890854,1,54,1,10,0.00390625,0.963636363636,0.017578125,True
p95_latency_ms,P95 latency,OP3,ledger_write,500,1,10,22.85983085,20.5669066625,23.836371275,2218.30328245,2201.07007781,2253.47558478,2194.99792903,2171.27385577,2381.54520135,101.250132671,91.2701450295,118.881480506,0,55,0,10,0.001953125,1,0.017578125,True
p95_latency_ms,P95 latency,OP3,ledger_write,500,5,10,72.1560218,59.751075025,81.68237515,2223.97221068,2206.4677685,2259.01333099,2155.43774273,2102.5763435,2203.94585783,34.1262539684,24.2648328649,50.1370992879,0,55,0,10,0.001953125,1,0.017578125,True
p95_latency_ms,P95 latency,OP3,ledger_write,500,10,10,120.9498659,100.894119537,157.808725675,336.358140575,295.303071887,353.14112815,201.2086759,104.6769372,271.20386875,2.84503667902,1.64006268279,4.0319011598,0,55,0,10,0.001953125,1,0.017578125,True
p95_latency_ms,P95 latency,OP3,ledger_write,1000,1,10,23.56844,20.3919563625,24.8098082875,2247.35985957,2193.17512146,2311.107281,2225.40114615,2164.0392574,2271.3087468,101.907358339,65.0449834465,110.537837049,0,55,0,10,0.001953125,1,0.017578125,True
p95_latency_ms,P95 latency,OP3,ledger_write,1000,5,10,70.76348795,58.606318225,74.2715165875,2250.91586765,2226.55007661,2279.87540843,2179.2424778,2150.40994732,2484.90794313,31.2595284066,28.9714484708,46.0735563887,0,55,0,10,0.001953125,1,0.017578125,True
p95_latency_ms,P95 latency,OP3,ledger_write,1000,10,10,127.7675069,102.6241637,176.098949887,429.74224345,400.3147632,461.7914765,282.919281,246.2795419,365.77469035,3.18634592966,2.30523397652,4.63554729425,7,48,7,10,0.037109375,0.745454545455,0.037109375,True
p95_latency_ms,P95 latency,OP4,ledger_write,100,1,10,14.6231874,13.7644264,16.93990435,2218.15634225,2195.66563316,2242.92481961,2201.8560836,2161.4582399,2229.37827685,151.29251727,96.2387128229,180.745425469,0,55,0,10,0.001953125,1,0.017578125,True
p95_latency_ms,P95 latency,OP4,ledger_write,100,5,10,34.8568416,34.07660335,36.4515065875,2220.2443871,2208.95884032,2251.78609241,2175.23521205,2141.4369568,2224.5445575,62.6184141308,55.2655597387,65.815465482,0,55,0,10,0.001953125,1,0.017578125,True
p95_latency_ms,P95 latency,OP4,ledger_write,100,10,10,89.718532175,70.8993165,247.759452575,197.78526265,184.810182962,321.559201538,113.3431981,99.03813525,176.956070625,2.30711541683,1.6686753917,2.59001102814,1,54,1,10,0.00390625,0.963636363636,0.017578125,True
p95_latency_ms,P95 latency,OP4,ledger_write,500,1,10,20.6860093,18.2794903375,23.9786013625,2195.01453827,2179.5282244,2213.99692972,2173.19754057,2157.25545128,2211.70335507,106.930534751,89.2399088396,134.484781634,0,55,0,10,0.001953125,1,0.017578125,True
p95_latency_ms,P95 latency,OP4,ledger_write,500,5,10,60.789741725,34.452121775,82.9697252125,2214.5017475,2188.70120896,2255.80495635,2144.31443415,2094.61067342,2199.67042608,37.5990468259,25.4523803401,66.1587794178,0,55,0,10,0.001953125,1,0.017578125,True
p95_latency_ms,P95 latency,OP4,ledger_write,500,10,10,90.56201915,71.83926665,125.75644725,299.165409175,281.855923375,330.558671337,195.38754455,175.7530634,243.20632355,3.13583574348,2.35841905519,4.76458829223,0,55,0,10,0.001953125,1,0.017578125,True
p95_latency_ms,P95 latency,OP4,ledger_write,1000,1,10,19.11490785,16.6700959375,25.25613835,2244.89883635,2209.5187129,2300.20018338,2219.88393757,2172.7380938,2288.3383227,115.639126294,81.9053840728,137.390354823,0,55,0,10,0.001953125,1,0.017578125,True
p95_latency_ms,P95 latency,OP4,ledger_write,1000,5,10,51.51513015,43.2529577375,63.4073636375,2247.75706967,2241.0018086,2258.4265247,2202.87410123,2166.74957242,2208.7453595,43.7818281369,33.7229423467,53.5640511243,0,55,0,10,0.001953125,1,0.017578125,True
p95_latency_ms,P95 latency,OP4,ledger_write,1000,10,10,144.8299997,120.35108555,175.2473908,402.965853825,344.979832137,444.87933275,263.1506731,177.87320715,302.54408315,2.64954230019,2.2069611068,3.44498088285,0,55,0,10,0.001953125,1,0.017578125,True
p95_latency_ms,P95 latency,OP5,read_check,100,1,10,8.848822425,8.209675975,30.9600050375,23.034102975,15.7685994625,39.6141790125,7.65581315,1.38604915,20.51644535,1.85246016618,1.3483058393,2.60130742494,7,48,7,10,0.037109375,0.745454545455,0.08203125,False
p95_latency_ms,P95 latency,OP5,read_check,100,5,10,19.30554615,18.6684478625,69.7090799375,60.922271475,51.9742318875,139.789488337,38.324960975,0.54310045,92.75577255,2.28776641151,1.46421538482,4.69822200494,6,49,6,10,0.02734375,0.781818181818,0.08203125,False
p95_latency_ms,P95 latency,OP5,read_check,100,10,10,87.994301625,73.6840067,216.468798687,114.320511875,107.235730812,137.787567563,32.341539775,-111.56286015,67.145288975,1.42741994485,0.564745962301,1.92460222396,25,30,25,10,0.845703125,0.0909090909091,0.845703125,False
p95_latency_ms,P95 latency,OP5,read_check,500,1,10,9.7667905,9.143806125,16.0400749875,24.9339181,22.4446598375,26.2522155125,13.40951625,7.1036045,16.47561555,2.37904960833,1.46877264207,2.81238165404,0,55,0,10,0.001953125,1,0.017578125,True
p95_latency_ms,P95 latency,OP5,read_check,500,5,10,34.142113175,23.5558822,52.2243950125,74.802976125,64.8556898875,101.65809705,36.48383865,20.33046405,63.44993965,2.03128404516,1.5287345968,4.09143150764,1,54,1,10,0.00390625,0.963636363636,0.01953125,True
p95_latency_ms,P95 latency,OP5,read_check,500,10,10,115.27125035,91.188571625,131.434309162,165.709996875,140.2401616,213.1785687,67.010584975,5.95405885,87.200066075,1.5987919838,1.0550652223,1.84581639423,5,50,5,10,0.01953125,0.818181818182,0.078125,False
p95_latency_ms,P95 latency,OP5,read_check,1000,1,10,11.65349,10.3220508625,11.9808795,27.19254765,24.18359135,30.179446,15.250547175,11.1104339,19.0112423,2.3090549253,2.05500080036,2.85342879857,0,55,0,10,0.001953125,1,0.017578125,True
p95_latency_ms,P95 latency,OP5,read_check,1000,5,10,33.0526662,24.033374475,54.865623125,87.2643952,72.297531625,91.6746511625,40.960925575,35.2375131,52.387350675,2.70218821164,1.66284383567,2.99278709743,0,55,0,10,0.001953125,1,0.017578125,True
p95_latency_ms,P95 latency,OP5,read_check,1000,10,10,112.110427725,106.211916,132.131288075,202.940627175,193.234020437,207.337071337,78.161077875,55.70501315,107.65578565,1.65325581206,1.41134618495,1.97234003794,0,55,0,10,0.001953125,1,0.017578125,True
p95_latency_ms,P95 latency,OP6,read_check,100,1,10,10.836876825,9.3806345,14.6548339875,15.72272845,14.821504825,20.374274725,5.5522849,-0.11176625,9.515432975,1.55450184074,0.992498024213,1.88558079949,6,49,6,10,0.02734375,0.781818181818,0.08203125,False
p95_latency_ms,P95 latency,OP6,read_check,100,5,10,21.40931215,20.35218685,24.0028337625,44.49940355,39.3117775375,49.7835803875,21.52258665,5.206000175,28.4531446,2.06550974658,1.33496347473,2.44040657014,10,45,10,10,0.083984375,0.636363636364,0.16796875,False
p95_latency_ms,P95 latency,OP6,read_check,100,10,10,92.339128125,82.3442808,107.459934562,144.7472288,136.399670512,167.956501887,53.4987706,-53.362482425,139.4623595,1.54592278919,0.947149403196,2.79745451199,15,40,15,10,0.232421875,0.454545454545,0.232421875,False
p95_latency_ms,P95 latency,OP6,read_check,500,1,10,11.315841275,10.0835870375,14.685562775,21.98407945,19.606551375,26.572945625,10.081200875,6.080610725,13.5638166,1.9597768057,1.42399584483,2.21735816889,0,55,0,10,0.001953125,1,0.017578125,True
p95_latency_ms,P95 latency,OP6,read_check,500,5,10,19.7430403,18.0777964375,37.093421075,69.727620325,45.8457186,81.6459489875,51.499294475,7.45706925,70.043867175,3.71613357334,1.37101128847,4.86333697841,3,52,3,10,0.009765625,0.890909090909,0.0390625,True
p95_latency_ms,P95 latency,OP6,read_check,500,10,10,87.40294235,82.2840640375,105.3857679,237.1257198,208.603758037,241.588797975,137.891582925,103.8416202,160.87109265,2.70021064865,1.86809871841,3.0385839426,0,55,0,10,0.001953125,1,0.017578125,True
p95_latency_ms,P95 latency,OP6,read_check,1000,1,10,12.034521275,10.945177025,12.6394918875,27.170967175,24.213453225,27.84816415,14.419142475,11.19776685,17.3303664,2.14782865893,2.03402351579,2.51694365958,0,55,0,10,0.001953125,1,0.017578125,True
p95_latency_ms,P95 latency,OP6,read_check,1000,5,10,30.009635175,19.5245332125,42.87098065,80.74186945,57.3885565375,84.72043455,40.17070245,24.5994786,61.60965995,2.19296562451,1.65624575172,4.11923305033,0,55,0,10,0.001953125,1,0.017578125,True
p95_latency_ms,P95 latency,OP6,read_check,1000,10,10,126.346359125,119.171025112,135.281739187,228.365908625,225.644167525,231.01867365,98.360976575,87.02069915,110.2762399,1.81771004225,1.64823719133,2.00399692882,0,55,0,10,0.001953125,1,0.017578125,True
successful_throughput_ops_s,Successful throughput,OP1,ledger_write,100,1,10,77.3595352203,50.8433596182,94.642686635,0.476616479707,0.474112659646,0.478168933926,-76.8814804224,-96.5001080134,-49.5205865555,0.00617983386127,0.0049248029159,0.00949209545379,0,0,55,10,0.001953125,-1,0.017578125,True
successful_throughput_ops_s,Successful throughput,OP1,ledger_write,100,5,10,151.810591934,131.742477997,155.847908008,2.35423046047,2.34678883114,2.36170867856,-149.459129277,-157.109725936,-111.739939831,0.0154926282712,0.0147543418165,0.02338916615,1,1,54,10,0.00390625,-0.963636363636,0.017578125,True
successful_throughput_ops_s,Successful throughput,OP1,ledger_write,100,10,10,122.765612807,110.776380532,142.52794993,38.7224110823,26.8132169214,44.9231288398,-86.6613302713,-106.5458778,-56.6542315336,0.314184367722,0.199069449245,0.458152199315,0,0,55,10,0.001953125,-1,0.017578125,True
successful_throughput_ops_s,Successful throughput,OP1,ledger_write,500,1,10,72.5896858937,70.7824201305,74.4350184909,0.478064720905,0.474832730212,0.478869301066,-72.1111662038,-77.2321247379,-68.8236114735,0.00659340201201,0.00612835692273,0.00687748645357,0,0,55,10,0.001953125,-1,0.017578125,True
successful_throughput_ops_s,Successful throughput,OP1,ledger_write,500,5,10,166.201741337,147.999911969,169.898468755,2.35999937269,2.35362218693,2.36675206129,-163.840224164,-174.539423416,-141.265909245,0.014209440153,0.0133862616627,0.0164525694476,0,0,55,10,0.001953125,-1,0.017578125,True
successful_throughput_ops_s,Successful throughput,OP1,ledger_write,500,10,10,152.11126964,141.503558834,174.203655376,45.9789161508,42.6034528714,46.5621361993,-113.999226178,-135.597701002,-101.179741411,0.28477907555,0.1709266693,0.308515996231,0,0,55,10,0.001953125,-1,0.017578125,True
successful_throughput_ops_s,Successful throughput,OP1,ledger_write,1000,1,10,71.1171892774,67.6509769569,73.4874531152,0.476450505561,0.4740552714,0.477366449799,-70.6394133861,-73.327340687,-66.3688849646,0.00670461105146,0.00640604495578,0.0070908052305,0,0,55,10,0.001953125,-1,0.017578125,True
successful_throughput_ops_s,Successful throughput,OP1,ledger_write,1000,5,10,167.509496623,152.130325523,182.96091846,2.35849033813,2.34948285888,2.36079373498,-165.149050331,-183.244571639,-148.099480118,0.0141064107474,0.0127225032517,0.015590342124,0,0,55,10,0.001953125,-1,0.017578125,True
successful_throughput_ops_s,Successful throughput,OP1,ledger_write,1000,10,10,139.572856193,136.777107475,145.441487715,45.6178790007,45.1322825296,45.9671263967,-97.2448152728,-105.804924749,-86.1017647746,0.319833772019,0.304572354337,0.348083238939,0,0,55,10,0.001953125,-1,0.017578125,True
successful_throughput_ops_s,Successful throughput,OP2,read_check,100,1,10,160.408836917,144.089661931,169.574217235,49.6410232845,38.7526882335,50.7248302577,-112.688062381,-126.692449726,-94.6564363816,0.31311144804,0.216498025529,0.346077206778,0,0,55,10,0.001953125,-1,0.017578125,True
successful_throughput_ops_s,Successful throughput,OP2,read_check,100,5,10,329.370686025,306.79362305,354.105322994,92.9861998674,88.6521774981,94.8454090311,-231.979315796,-269.420579871,-216.804794146,0.285268007943,0.257558591434,0.299680970866,0,0,55,10,0.001953125,-1,0.017578125,True
successful_throughput_ops_s,Successful throughput,OP2,read_check,100,10,10,294.84220533,242.873892262,319.501386314,49.0711450028,39.1925257021,81.9976422979,-238.649232293,-274.562822983,-147.993513069,0.159212778596,0.131241903163,0.358722883671,0,0,55,10,0.001953125,-1,0.017578125,True
successful_throughput_ops_s,Successful throughput,OP2,read_check,500,1,10,139.678255549,134.189741519,155.831953557,43.0764740163,42.4030688306,44.3532442585,-100.482350151,-121.362117506,-88.8145984268,0.299045757269,0.239293768316,0.334885669782,0,0,55,10,0.001953125,-1,0.017578125,True
successful_throughput_ops_s,Successful throughput,OP2,read_check,500,5,10,341.298135769,276.433871314,393.886476434,76.9984169845,72.6782288308,81.6785433152,-260.744585175,-313.063088093,-191.940581319,0.248533106193,0.207118291675,0.273041368623,0,0,55,10,0.001953125,-1,0.017578125,True
successful_throughput_ops_s,Successful throughput,OP2,read_check,500,10,10,313.838107713,293.031000472,332.050619613,59.1510054704,57.9772288799,62.2975547309,-252.315596283,-273.699644185,-201.108324127,0.192081510739,0.181324971028,0.232577819748,0,0,55,10,0.001953125,-1,0.017578125,True
successful_throughput_ops_s,Successful throughput,OP2,read_check,1000,1,10,138.24225341,134.089445998,140.735823476,42.4561366438,39.4500938223,43.672564194,-98.1552783699,-101.647764436,-90.959302359,0.306759659391,0.262347764616,0.318462625923,0,0,55,10,0.001953125,-1,0.017578125,True
successful_throughput_ops_s,Successful throughput,OP2,read_check,1000,5,10,302.21999918,273.26654612,317.482551858,74.9875325698,71.4547143067,77.2287721825,-224.368697807,-254.242112806,-183.436703063,0.254742772476,0.223647859376,0.28194830568,0,0,55,10,0.001953125,-1,0.017578125,True
successful_throughput_ops_s,Successful throughput,OP2,read_check,1000,10,10,286.654505778,246.817227596,299.185784346,60.6326783338,57.3843294073,60.8956833045,-226.021827444,-252.327034612,-185.954751819,0.211520988663,0.186620157043,0.251584584065,0,0,55,10,0.001953125,-1,0.017578125,True
successful_throughput_ops_s,Successful throughput,OP3,ledger_write,100,1,10,77.2359065286,64.4126015514,79.0886532135,0.478142522399,0.474994559902,0.478777934874,-76.7585527465,-79.5959864912,-52.9419660259,0.0061804514745,0.00594936350734,0.0094898310627,0,0,55,10,0.001953125,-1,0.017578125,True
successful_throughput_ops_s,Successful throughput,OP3,ledger_write,100,5,10,127.33573851,79.8088263428,164.401864058,2.36965479587,2.3651968487,2.37445942217,-124.969552092,-164.719350186,-74.3124799199,0.0195108859473,0.0141537551772,0.031089102849,0,0,55,10,0.001953125,-1,0.017578125,True
successful_throughput_ops_s,Successful throughput,OP3,ledger_write,100,10,10,154.413028986,149.320851472,166.791435075,64.8623942074,53.7277851386,71.1940752209,-97.3919817098,-101.199287619,-59.275577097,0.40563555545,0.364543922265,0.581688344306,1,1,54,10,0.00390625,-0.963636363636,0.017578125,True
successful_throughput_ops_s,Successful throughput,OP3,ledger_write,500,1,10,70.5217639649,68.5218876431,72.3976954815,0.478387631791,0.474401764574,0.478939351864,-70.0488387672,-72.2101243009,-67.3547608288,0.00670605361739,0.00655274432313,0.00698005838501,0,0,55,10,0.001953125,-1,0.017578125,True
successful_throughput_ops_s,Successful throughput,OP3,ledger_write,500,5,10,147.823480077,131.201281561,161.660918119,2.37094685851,2.36964247547,2.37381464732,-145.447623106,-161.493147765,-123.968159827,0.0160724536418,0.014497309632,0.0177628949935,0,0,55,10,0.001953125,-1,0.017578125,True
successful_throughput_ops_s,Successful throughput,OP3,ledger_write,500,10,10,157.797855738,141.720649743,162.04550452,52.6703957733,52.1983724096,53.4929390542,-105.135117706,-118.377006147,-83.2153572838,0.33668868567,0.302340641723,0.398426516172,0,0,55,10,0.001953125,-1,0.017578125,True
successful_throughput_ops_s,Successful throughput,OP3,ledger_write,1000,1,10,70.542959525,68.4292418116,71.7766365224,0.475219274677,0.471878745094,0.478243619415,-70.067399387,-72.5447669597,-50.0420762183,0.00670509973827,0.00648320867307,0.0109204016528,0,0,55,10,0.001953125,-1,0.017578125,True
successful_throughput_ops_s,Successful throughput,OP3,ledger_write,1000,5,10,151.119955073,145.794980119,159.983875819,2.36438917607,2.35793724276,2.368986642,-148.752949928,-158.225441652,-142.623758383,0.0156643785468,0.0144385435374,0.0163716089987,0,0,55,10,0.001953125,-1,0.017578125,True
successful_throughput_ops_s,Successful throughput,OP3,ledger_write,1000,10,10,152.849696866,144.118063794,166.732511478,50.5754721554,49.5434796786,51.7803482446,-102.939542162,-119.483483158,-84.4705276109,0.330070327978,0.301490494037,0.377157687964,1,1,54,10,0.00390625,-0.963636363636,0.017578125,True
successful_throughput_ops_s,Successful throughput,OP4,ledger_write,100,1,10,86.1708651879,82.7160404657,92.1779006318,0.478968266707,0.475723340394,0.479833208881,-85.693602345,-96.1847147468,-61.9338452271,0.0054846383371,0.00478580805032,0.00869709839228,0,0,55,10,0.001953125,-1,0.017578125,True
successful_throughput_ops_s,Successful throughput,OP4,ledger_write,100,5,10,166.842412203,156.044327969,173.439043243,2.37473931368,2.37121671126,2.37580220834,-164.47016447,-175.365742964,-144.566211082,0.0142187803255,0.0133640702698,0.0162126403212,0,0,55,10,0.001953125,-1,0.017578125,True
successful_throughput_ops_s,Successful throughput,OP4,ledger_write,100,10,10,144.863200403,83.464456895,155.059416696,63.9537360682,54.6509166942,69.5336939975,-79.6356975717,-88.8306084619,-31.6826700864,0.454401022172,0.428748501681,0.58575039692,0,0,55,10,0.001953125,-1,0.017578125,True
successful_throughput_ops_s,Successful throughput,OP4,ledger_write,500,1,10,77.8955867724,75.3609128714,78.9776077458,0.480037810058,0.477366940172,0.480289367231,-77.4151663375,-80.4804696832,-74.2482946847,0.00616004275596,0.00588877165509,0.00642717531336,0,0,55,10,0.001953125,-1,0.017578125,True
successful_throughput_ops_s,Successful throughput,OP4,ledger_write,500,5,10,150.443004019,142.559445888,188.508239663,2.3792238751,2.37407595922,2.38464038665,-148.06058494,-186.414878741,-132.213124612,0.0158364863557,0.0125763385786,0.0178749624497,0,0,55,10,0.001953125,-1,0.017578125,True
successful_throughput_ops_s,Successful throughput,OP4,ledger_write,500,10,10,167.118168185,151.478283922,179.99360168,55.7321976401,55.5374748757,56.7738728712,-110.933114966,-126.640618491,-92.7715297491,0.336717687152,0.303463017497,0.377714719561,0,0,55,10,0.001953125,-1,0.017578125,True
successful_throughput_ops_s,Successful throughput,OP4,ledger_write,1000,1,10,75.6021082996,71.2745489142,79.3423741815,0.476503821174,0.47311407018,0.478920809519,-75.1233198992,-79.1064485564,-58.1842178693,0.00633583630518,0.00596812878524,0.00871126596247,0,0,55,10,0.001953125,-1,0.017578125,True
successful_throughput_ops_s,Successful throughput,OP4,ledger_write,1000,5,10,167.509781968,157.637756808,171.980195412,2.37116966821,2.36982669162,2.37280626235,-165.141124826,-174.505422766,-153.127190176,0.0141412170034,0.0135204836865,0.0152383660684,0,0,55,10,0.001953125,-1,0.017578125,True
successful_throughput_ops_s,Successful throughput,OP4,ledger_write,1000,10,10,146.106487815,141.296208762,155.637204251,54.5678890979,53.7825294273,55.8908861638,-92.092609457,-101.913667988,-86.7694104541,0.366950220403,0.348008927648,0.386067567313,0,0,55,10,0.001953125,-1,0.017578125,True
successful_throughput_ops_s,Successful throughput,OP5,read_check,100,1,10,141.804755763,69.1950126442,152.564466473,52.4823956114,51.3558768202,76.2449589282,-70.7650073496,-91.7004912079,-18.8653830304,0.516125454382,0.418508935582,0.732027000096,0,0,55,10,0.001953125,-1,0.017578125,True
successful_throughput_ops_s,Successful throughput,OP5,read_check,100,5,10,354.337246575,147.377071309,370.266091412,132.538035783,73.8614680843,139.44723752,-208.127799552,-257.00212622,-46.0798354731,0.426378582664,0.28937338815,0.709105911358,1,1,54,10,0.00390625,-0.963636363636,0.017578125,True
successful_throughput_ops_s,Successful throughput,OP5,read_check,100,10,10,281.991193313,141.911139175,305.003414833,133.962470397,117.478884425,139.304421565,-168.933911048,-186.665203612,10.1253396052,0.449239876369,0.388239666732,1.09774595573,6,6,49,10,0.02734375,-0.781818181818,0.02734375,True
successful_throughput_ops_s,Successful throughput,OP5,read_check,500,1,10,139.552694659,130.256730657,142.930022174,66.8144828456,62.4026383442,69.1955858992,-72.0179545198,-83.0829908479,-61.2080632857,0.481076566973,0.433780560626,0.529635188182,0,0,55,10,0.001953125,-1,0.017578125,True
successful_throughput_ops_s,Successful throughput,OP5,read_check,500,5,10,307.788924729,269.912560995,346.695673063,121.135800471,109.28682518,130.489737328,-189.472395441,-255.831621929,-127.6671735,0.388654135862,0.329105450875,0.508277223576,0,0,55,10,0.001953125,-1,0.017578125,True
successful_throughput_ops_s,Successful throughput,OP5,read_check,500,10,10,247.447212407,232.287073421,318.970466521,111.080823401,100.354985374,118.524279954,-138.790300071,-209.399787248,-105.383243962,0.416552930786,0.358776096846,0.52603209374,0,0,55,10,0.001953125,-1,0.017578125,True
successful_throughput_ops_s,Successful throughput,OP5,read_check,1000,1,10,139.772328181,138.456083149,149.177164963,64.4759220976,61.687751568,66.190601546,-80.5235740016,-90.2490313555,-71.8348617255,0.449628631094,0.38170460009,0.479130150208,0,0,55,10,0.001953125,-1,0.017578125,True
successful_throughput_ops_s,Successful throughput,OP5,read_check,1000,5,10,306.790847642,239.10865353,328.509842811,120.179048909,116.267923349,124.284714706,-192.385690686,-224.305339109,-111.58585217,0.384372895084,0.344873260866,0.518456328435,0,0,55,10,0.001953125,-1,0.017578125,True
successful_throughput_ops_s,Successful throughput,OP5,read_check,1000,10,10,268.905205967,235.302941413,288.269271225,102.157370452,100.125263919,104.708366721,-167.102004268,-184.61302195,-129.176812186,0.389404697387,0.350427928776,0.432763267434,0,0,55,10,0.001953125,-1,0.017578125,True
successful_throughput_ops_s,Successful throughput,OP6,read_check,100,1,10,119.205306881,108.217757509,141.337119888,79.8893971178,64.4608021929,84.5684603732,-46.0450485076,-64.3526145667,-30.234211578,0.600320275555,0.540411307249,0.727212797829,0,0,55,10,0.001953125,-1,0.017578125,True
successful_throughput_ops_s,Successful throughput,OP6,read_check,100,5,10,314.30093899,285.071293452,333.009219398,154.660917181,146.02532398,165.415870672,-168.214550163,-187.10338055,-102.221424357,0.501571615521,0.439854028682,0.634982260685,1,1,54,10,0.00390625,-0.963636363636,0.017578125,True
successful_throughput_ops_s,Successful throughput,OP6,read_check,100,10,10,262.363376897,212.475618828,270.755869705,130.155234222,118.347325303,137.370447376,-134.802155215,-182.28284753,-22.1567827233,0.497659102378,0.33963019279,1.04755030116,3,3,52,10,0.009765625,-0.890909090909,0.017578125,True
successful_throughput_ops_s,Successful throughput,OP6,read_check,500,1,10,124.274437312,118.314805162,129.669358634,71.3407395756,65.1438051676,74.3758935489,-56.3727534845,-65.5184922864,-44.4654028997,0.546153262399,0.494359286074,0.620079285173,0,0,55,10,0.001953125,-1,0.017578125,True
successful_throughput_ops_s,Successful throughput,OP6,read_check,500,5,10,347.468628759,274.853443098,365.324386414,134.312390032,123.335885211,161.261822783,-229.593012042,-239.371687215,-111.834771352,0.364471331976,0.335043290843,0.589322457226,0,0,55,10,0.001953125,-1,0.017578125,True
successful_throughput_ops_s,Successful throughput,OP6,read_check,500,10,10,292.694967929,274.533510488,305.914656784,100.420626875,95.3041217497,107.435691698,-193.934788542,-212.852477586,-157.06825646,0.343746993063,0.313575513169,0.389310375493,0,0,55,10,0.001953125,-1,0.017578125,True
successful_throughput_ops_s,Successful throughput,OP6,read_check,1000,1,10,120.977622919,119.207345882,128.658958481,66.0466858625,58.1360538869,68.5240369262,-55.3759388128,-68.8932957943,-52.0641992157,0.557125643449,0.427063024932,0.564630788283,0,0,55,10,0.001953125,-1,0.017578125,True
successful_throughput_ops_s,Successful throughput,OP6,read_check,1000,5,10,321.764425275,264.47663021,356.706343788,125.348106605,122.664359552,142.379262752,-182.940780583,-233.058630172,-127.784464593,0.434509552046,0.345795906293,0.499831919572,0,0,55,10,0.001953125,-1,0.017578125,True
successful_throughput_ops_s,Successful throughput,OP6,read_check,1000,10,10,234.298221538,226.898478953,246.899026429,103.959622687,101.551944539,104.411605988,-129.547601331,-147.388617753,-121.844025827,0.441999146526,0.404113328107,0.463298894608,0,0,55,10,0.001953125,-1,0.017578125,True
